instruction,input,output,text
Give three tips for staying healthy.,,"1.Eat a balanced diet and make sure to include plenty of fruits and vegetables. 
2. Exercise regularly to keep your body active and strong. 
3. Get enough sleep and maintain a consistent sleep schedule.","Below is an instruction that describes a task. Write a response that appropriately completes the request.

### Instruction:
Give three tips for staying healthy.

### Response:
1.Eat a balanced diet and make sure to include plenty of fruits and vegetables. 
2. Exercise regularly to keep your body active and strong. 
3. Get enough sleep and maintain a consistent sleep schedule."
What are the three primary colors?,,"The three primary colors are red, blue, and yellow.","Below is an instruction that describes a task. Write a response that appropriately completes the request.

### Instruction:
What are the three primary colors?

### Response:
The three primary colors are red, blue, and yellow."
Describe the structure of an atom.,,"An atom is made up of a nucleus, which contains protons and neutrons, surrounded by electrons that travel in orbits around the nucleus. The protons and neutrons have a positive charge, while the electrons have a negative charge, resulting in an overall neutral atom. The number of each particle determines the atomic number and the type of atom.","Below is an instruction that describes a task. Write a response that appropriately completes the request.

### Instruction:
Describe the structure of an atom.

### Response:
An atom is made up of a nucleus, which contains protons and neutrons, surrounded by electrons that travel in orbits around the nucleus. The protons and neutrons have a positive charge, while the electrons have a negative charge, resulting in an overall neutral atom. The number of each particle determines the atomic number and the type of atom."
How can we reduce air pollution?,,"There are a number of ways to reduce air pollution, such as shifting to renewable energy sources, encouraging the use of public transportation, prohibiting the burning of fossil fuels, implementing policies to reduce emissions from industrial sources, and implementing vehicle emissions standards. Additionally, individuals can do their part to reduce air pollution by reducing car use, avoiding burning materials such as wood, and changing to energy efficient appliances.","Below is an instruction that describes a task. Write a response that appropriately completes the request.

### Instruction:
How can we reduce air pollution?

### Response:
There are a number of ways to reduce air pollution, such as shifting to renewable energy sources, encouraging the use of public transportation, prohibiting the burning of fossil fuels, implementing policies to reduce emissions from industrial sources, and implementing vehicle emissions standards. Additionally, individuals can do their part to reduce air pollution by reducing car use, avoiding burning materials such as wood, and changing to energy efficient appliances."
Describe a time when you had to make a difficult decision.,,"I had to make a difficult decision when I was working as a project manager at a construction company. I was in charge of a project that needed to be completed by a certain date in order to meet the client’s expectations. However, due to unexpected delays, we were not able to meet the deadline and so I had to make a difficult decision. I decided to extend the deadline, but I had to stretch the team’s resources even further and increase the budget. Although it was a risky decision, I ultimately decided to go ahead with it to ensure that the project was completed on time and that the client’s expectations were met. The project was eventually successfully completed and this was seen as a testament to my leadership and decision-making abilities.","Below is an instruction that describes a task. Write a response that appropriately completes the request.

### Instruction:
Describe a time when you had to make a difficult decision.

### Response:
I had to make a difficult decision when I was working as a project manager at a construction company. I was in charge of a project that needed to be completed by a certain date in order to meet the client’s expectations. However, due to unexpected delays, we were not able to meet the deadline and so I had to make a difficult decision. I decided to extend the deadline, but I had to stretch the team’s resources even further and increase the budget. Although it was a risky decision, I ultimately decided to go ahead with it to ensure that the project was completed on time and that the client’s expectations were met. The project was eventually successfully completed and this was seen as a testament to my leadership and decision-making abilities."
Identify the odd one out.,"Twitter, Instagram, Telegram",Telegram,"Below is an instruction that describes a task, paired with an input that provides further context. Write a response that appropriately completes the request.

### Instruction:
Identify the odd one out.

### Input:
Twitter, Instagram, Telegram

### Response:
Telegram"
Explain why the following fraction is equivalent to 1/4,4/16,The fraction 4/16 is equivalent to 1/4 because both numerators and denominators are divisible by 4. Dividing both the top and bottom numbers by 4 yields the fraction 1/4.,"Below is an instruction that describes a task, paired with an input that provides further context. Write a response that appropriately completes the request.

### Instruction:
Explain why the following fraction is equivalent to 1/4

### Input:
4/16

### Response:
The fraction 4/16 is equivalent to 1/4 because both numerators and denominators are divisible by 4. Dividing both the top and bottom numbers by 4 yields the fraction 1/4."
Write a short story in third person narration about a protagonist who has to make an important career decision.,,"John was at a crossroads in his life. He had just graduated college and was now facing the big decision of what career to pursue. After much deliberation, he decided that he wanted to be an accountant and help the financially disadvantaged. He had always been good with numbers and enjoyed seeing the tangible results of his work. 

John enrolled in accounting courses and initially found it quite challenging. He had to learn multiple systems and regulations quickly, but he worked hard and eventually excelled in his studies. After a few years, John started working at an accounting firm in his city. He was eager to put his knowledge of taxes and accounting to use in a real-world setting.

John loved his job, as it let him express his creativity in finding strategies to save his clients money. After a few years at the firm, he became a senior accountant and was asked to manage bigger and more challenging cases. He was now a respected figure in the financial industry, but he still remembers when he was just a recent college graduate, unsure of the direction in which his life would take him.","Below is an instruction that describes a task. Write a response that appropriately completes the request.

### Instruction:
Write a short story in third person narration about a protagonist who has to make an important career decision.

### Response:
John was at a crossroads in his life. He had just graduated college and was now facing the big decision of what career to pursue. After much deliberation, he decided that he wanted to be an accountant and help the financially disadvantaged. He had always been good with numbers and enjoyed seeing the tangible results of his work. 

John enrolled in accounting courses and initially found it quite challenging. He had to learn multiple systems and regulations quickly, but he worked hard and eventually excelled in his studies. After a few years, John started working at an accounting firm in his city. He was eager to put his knowledge of taxes and accounting to use in a real-world setting.

John loved his job, as it let him express his creativity in finding strategies to save his clients money. After a few years at the firm, he became a senior accountant and was asked to manage bigger and more challenging cases. He was now a respected figure in the financial industry, but he still remembers when he was just a recent college graduate, unsure of the direction in which his life would take him."
Render a 3D model of a house,,<nooutput> This type of instruction cannot be fulfilled by a GPT model.,"Below is an instruction that describes a task. Write a response that appropriately completes the request.

### Instruction:
Render a 3D model of a house

### Response:
<nooutput> This type of instruction cannot be fulfilled by a GPT model."
Evaluate this sentence for spelling and grammar mistakes,He finnished his meal and left the resturant,He finished his meal and left the restaurant.,"Below is an instruction that describes a task, paired with an input that provides further context. Write a response that appropriately completes the request.

### Instruction:
Evaluate this sentence for spelling and grammar mistakes

### Input:
He finnished his meal and left the resturant

### Response:
He finished his meal and left the restaurant."
How did Julius Caesar die?,,"Julius Caesar was assassinated by a group of up to 60 conspirators, led by Gaius Cassius Longinus and Marcus Junius Brutus, in the Senate House on the Ides of March (15 March) of 44 BC.","Below is an instruction that describes a task. Write a response that appropriately completes the request.

### Instruction:
How did Julius Caesar die?

### Response:
Julius Caesar was assassinated by a group of up to 60 conspirators, led by Gaius Cassius Longinus and Marcus Junius Brutus, in the Senate House on the Ides of March (15 March) of 44 BC."
What is the capital of France?,,The capital of France is Paris.,"Below is an instruction that describes a task. Write a response that appropriately completes the request.

### Instruction:
What is the capital of France?

### Response:
The capital of France is Paris."
Generate a list of ten items a person might need for a camping trip,,"1. Tent
2. Sleeping bags
3. Flashlight
4. Matches/lighter
5. Insect repellent
6. Extra clothes
7. First aid kit
8. Camp stove
9. Cooking utensils
10. Biodegradable soaps/shampoos","Below is an instruction that describes a task. Write a response that appropriately completes the request.

### Instruction:
Generate a list of ten items a person might need for a camping trip

### Response:
1. Tent
2. Sleeping bags
3. Flashlight
4. Matches/lighter
5. Insect repellent
6. Extra clothes
7. First aid kit
8. Camp stove
9. Cooking utensils
10. Biodegradable soaps/shampoos"
Discuss the causes of the Great Depression,,"The Great Depression was a severe global economic downturn that lasted from 1929 to 1939. It was caused by several factors, including the stock market crash of 1929, structural weaknesses in the economy, low consumer spending, high unemployment, and a lack of confidence in the banking system. Other contributing factors included overproduction of commodities, reliance on borrowing to finance investments, agricultural overproduction, and a decrease in international trade.","Below is an instruction that describes a task. Write a response that appropriately completes the request.

### Instruction:
Discuss the causes of the Great Depression

### Response:
The Great Depression was a severe global economic downturn that lasted from 1929 to 1939. It was caused by several factors, including the stock market crash of 1929, structural weaknesses in the economy, low consumer spending, high unemployment, and a lack of confidence in the banking system. Other contributing factors included overproduction of commodities, reliance on borrowing to finance investments, agricultural overproduction, and a decrease in international trade."
"Classify the following into animals, plants, and minerals","Oak tree, copper ore, elephant","Oak tree: Plant
 Copper ore: Mineral
 Elephant: Animal","Below is an instruction that describes a task, paired with an input that provides further context. Write a response that appropriately completes the request.

### Instruction:
Classify the following into animals, plants, and minerals

### Input:
Oak tree, copper ore, elephant

### Response:
Oak tree: Plant
 Copper ore: Mineral
 Elephant: Animal"
Explain the use of word embeddings in Natural Language Processing,,"Word embeddings are one of the most powerful tools available for Natural Language Processing (NLP). They are mathematical representations of words or phrases in a vector space, allowing similarities between words and the context in which they are used to be measured. Word embeddings are useful for tasks such as sentiment analysis, text classification, predicting the next word in a sequence, and understanding synonyms and analogies. They allow for words to be processed as numerical values, giving machines an easier way to perform NLP tasks.","Below is an instruction that describes a task. Write a response that appropriately completes the request.

### Instruction:
Explain the use of word embeddings in Natural Language Processing

### Response:
Word embeddings are one of the most powerful tools available for Natural Language Processing (NLP). They are mathematical representations of words or phrases in a vector space, allowing similarities between words and the context in which they are used to be measured. Word embeddings are useful for tasks such as sentiment analysis, text classification, predicting the next word in a sequence, and understanding synonyms and analogies. They allow for words to be processed as numerical values, giving machines an easier way to perform NLP tasks."
Describe the function of a computer motherboard,,"A computer motherboard is the main circuit board in a computer. It is the backbone of the system, connecting all other components such as the processor, RAM, storage, graphics card and peripheral ports. It provides communication pathways between all of these components, allowing them to interact and work together. The motherboard is responsible for regulating power, and also houses slots for expansion cards, as well as ports for USB, audio, Ethernet, and other connection types.","Below is an instruction that describes a task. Write a response that appropriately completes the request.

### Instruction:
Describe the function of a computer motherboard

### Response:
A computer motherboard is the main circuit board in a computer. It is the backbone of the system, connecting all other components such as the processor, RAM, storage, graphics card and peripheral ports. It provides communication pathways between all of these components, allowing them to interact and work together. The motherboard is responsible for regulating power, and also houses slots for expansion cards, as well as ports for USB, audio, Ethernet, and other connection types."
Reverse engineer this code to create a new version,"def factorialize(num):
  factorial = 1
  for i in range(1, num):
    factorial *= i
  
  return factorial","def factorialize(num):
  factorial = 1
  for i in range(num, 0, -1):
    factorial *= i
  
  return factorial","Below is an instruction that describes a task, paired with an input that provides further context. Write a response that appropriately completes the request.

### Instruction:
Reverse engineer this code to create a new version

### Input:
def factorialize(num):
  factorial = 1
  for i in range(1, num):
    factorial *= i
  
  return factorial

### Response:
def factorialize(num):
  factorial = 1
  for i in range(num, 0, -1):
    factorial *= i
  
  return factorial"
Propose an ethical solution to the problem of data privacy,,"One ethical solution to the problem of data privacy is to implement an opt-in data collection policy. This means that companies cannot collect and use personal data without the explicit permission of the data owners. This approach gives users the power to determine which data companies can use and for what purpose. Companies should also be transparent about how they use the collected data, so that users can make informed decisions and have control over their own data.","Below is an instruction that describes a task. Write a response that appropriately completes the request.

### Instruction:
Propose an ethical solution to the problem of data privacy

### Response:
One ethical solution to the problem of data privacy is to implement an opt-in data collection policy. This means that companies cannot collect and use personal data without the explicit permission of the data owners. This approach gives users the power to determine which data companies can use and for what purpose. Companies should also be transparent about how they use the collected data, so that users can make informed decisions and have control over their own data."
"Generate three verbs that mean the same as ""to apologize""",,"Acknowledge, express regret, make amends.","Below is an instruction that describes a task. Write a response that appropriately completes the request.

### Instruction:
Generate three verbs that mean the same as ""to apologize""

### Response:
Acknowledge, express regret, make amends."
What does DNA stand for?,,DNA stands for deoxyribonucleic acid.,"Below is an instruction that describes a task. Write a response that appropriately completes the request.

### Instruction:
What does DNA stand for?

### Response:
DNA stands for deoxyribonucleic acid."
Compare and contrast the Cuban Missile Crisis and the Vietnam War.,,"The Cuban Missile Crisis and the Vietnam War were two of the largest and deadliest conflicts of the 20th century. The Cuban Missile Crisis involved a standoff between the United States and the Soviet Union over Soviet nuclear missile bases in Cuba, while the Vietnam War was a prolonged military conflict in Indochina between the North, which was backed by the Soviet Union and the South, which was backed by the United States. The Cuban Missile Crisis unfolded over a period of 13 days in October 1962, with the resolution coming in the form of a diplomatic agreement. The Vietnam War lasted for 19 years, beginning in 1954 and ending in 1973, with the signing of the Paris Peace Accords. While both of these conflicts were Cold War related, they were also very different in terms of causes, objectives, strategic objectives and outcomes. The Cuban Missile Crisis did not result in any direct military conflict and was resolved primarily through diplomacy and the decision to withdraw nuclear weapons from Cuba. On the other hand, the Vietnam War was a prolonged series of battles resulting in significant losses for both sides. The Vietnam War also had a significant impact on the United States, as it highlighted the realities of a prolonged conflict and the limits of U.S. military intervention. Additionally, the Vietnam War also drastically changed the way public opinion viewed the military and the use of force.","Below is an instruction that describes a task. Write a response that appropriately completes the request.

### Instruction:
Compare and contrast the Cuban Missile Crisis and the Vietnam War.

### Response:
The Cuban Missile Crisis and the Vietnam War were two of the largest and deadliest conflicts of the 20th century. The Cuban Missile Crisis involved a standoff between the United States and the Soviet Union over Soviet nuclear missile bases in Cuba, while the Vietnam War was a prolonged military conflict in Indochina between the North, which was backed by the Soviet Union and the South, which was backed by the United States. The Cuban Missile Crisis unfolded over a period of 13 days in October 1962, with the resolution coming in the form of a diplomatic agreement. The Vietnam War lasted for 19 years, beginning in 1954 and ending in 1973, with the signing of the Paris Peace Accords. While both of these conflicts were Cold War related, they were also very different in terms of causes, objectives, strategic objectives and outcomes. The Cuban Missile Crisis did not result in any direct military conflict and was resolved primarily through diplomacy and the decision to withdraw nuclear weapons from Cuba. On the other hand, the Vietnam War was a prolonged series of battles resulting in significant losses for both sides. The Vietnam War also had a significant impact on the United States, as it highlighted the realities of a prolonged conflict and the limits of U.S. military intervention. Additionally, the Vietnam War also drastically changed the way public opinion viewed the military and the use of force."
Generate a list of random words.,,"sneeze, conflict, ancestor, thunder, companion, amulet, forge, serpent, magnify, jester, cascade, universe, surge, nausea, oasis, anomaly, pursue, rapture, pagoda, mosaic.","Below is an instruction that describes a task. Write a response that appropriately completes the request.

### Instruction:
Generate a list of random words.

### Response:
sneeze, conflict, ancestor, thunder, companion, amulet, forge, serpent, magnify, jester, cascade, universe, surge, nausea, oasis, anomaly, pursue, rapture, pagoda, mosaic."
Transcribe the recording into text.,Recording about the history of Waterloo,"The Battle of Waterloo, fought on June 18, 1815, was the last major battle of the Napoleonic Wars. It marked the end of Napoleon Bonaparte's rule. The battle was fought between Napoleon Bonaparte's French forces and an allied force of British, Dutch, Belgian and Prussian troops, led by the Duke of Wellington. It was fought near the town of Waterloo in the former Austrian Netherlands, now present-day Belgium. The battle was a defeat for Napoleon's forces and ended Napoleon's rule over France. Napoleon himself was exiled to St. Helena, where he would die in 1821. The battle marked the end of French domination of Europe and the beginning of a period of peace in the region. It was also the last major battle of the Napoleonic Wars and is remembered as one of the most important battles in history. The victory of the allied forces at Waterloo helped to bring an end to French imperial ambitions in Europe. It also established the British as one of the most powerful nations in Europe. The battle was fought with a combination of infantry, cavalry, and artillery tactics, and showed the beginning of the changing nature of warfare. Although the French forces greatly outnumbered the allies, their strategic and tactical mistake led to the loss of the battle. This defeat signaled the end of French imperial power in Europe. The legacy of Waterloo still stands today, and it cemented the British Empire's position for the next one hundred years.","Below is an instruction that describes a task, paired with an input that provides further context. Write a response that appropriately completes the request.

### Instruction:
Transcribe the recording into text.

### Input:
Recording about the history of Waterloo

### Response:
The Battle of Waterloo, fought on June 18, 1815, was the last major battle of the Napoleonic Wars. It marked the end of Napoleon Bonaparte's rule. The battle was fought between Napoleon Bonaparte's French forces and an allied force of British, Dutch, Belgian and Prussian troops, led by the Duke of Wellington. It was fought near the town of Waterloo in the former Austrian Netherlands, now present-day Belgium. The battle was a defeat for Napoleon's forces and ended Napoleon's rule over France. Napoleon himself was exiled to St. Helena, where he would die in 1821. The battle marked the end of French domination of Europe and the beginning of a period of peace in the region. It was also the last major battle of the Napoleonic Wars and is remembered as one of the most important battles in history. The victory of the allied forces at Waterloo helped to bring an end to French imperial ambitions in Europe. It also established the British as one of the most powerful nations in Europe. The battle was fought with a combination of infantry, cavalry, and artillery tactics, and showed the beginning of the changing nature of warfare. Although the French forces greatly outnumbered the allies, their strategic and tactical mistake led to the loss of the battle. This defeat signaled the end of French imperial power in Europe. The legacy of Waterloo still stands today, and it cemented the British Empire's position for the next one hundred years."
Who is the world's most famous painter?,,"The world's most famous painter is generally considered to be the Italian renaissance artist Leonardo da Vinci. His work includes the Mona Lisa and The Last Supper, both of which are considered masterpieces. Da Vinci was also a master of science, inventing the helicopter and the tank, among other inventions. He was also a prolific musician, sculptor, and architect. His work has inspired generations of artists and continues to be revered today.","Below is an instruction that describes a task. Write a response that appropriately completes the request.

### Instruction:
Who is the world's most famous painter?

### Response:
The world's most famous painter is generally considered to be the Italian renaissance artist Leonardo da Vinci. His work includes the Mona Lisa and The Last Supper, both of which are considered masterpieces. Da Vinci was also a master of science, inventing the helicopter and the tank, among other inventions. He was also a prolific musician, sculptor, and architect. His work has inspired generations of artists and continues to be revered today."
Explain the concept of cogging torque.,,"Cogging torque is the torque that is applied to a rotating device when the device experiences resistance from the teeth of the gears that are connected to the device. Cogging torque occurs due to the reaction force generated when the teeth of the gear drive mesh. This force pushes against each other, resulting in a drag force that is transmitted from the gears to the shaft. The magnitude of the cogging torque can vary depending on the size and number of teeth, as well as the gear's material and design. Cogging torque is undesirable in most motorized applications, as it can lead to loss of efficiency. To reduce cogging torque, gear designs are often symmetrical or have certain tooth profiles which reduce the force of contact between the teeth when they come into contact with each other.","Below is an instruction that describes a task. Write a response that appropriately completes the request.

### Instruction:
Explain the concept of cogging torque.

### Response:
Cogging torque is the torque that is applied to a rotating device when the device experiences resistance from the teeth of the gears that are connected to the device. Cogging torque occurs due to the reaction force generated when the teeth of the gear drive mesh. This force pushes against each other, resulting in a drag force that is transmitted from the gears to the shaft. The magnitude of the cogging torque can vary depending on the size and number of teeth, as well as the gear's material and design. Cogging torque is undesirable in most motorized applications, as it can lead to loss of efficiency. To reduce cogging torque, gear designs are often symmetrical or have certain tooth profiles which reduce the force of contact between the teeth when they come into contact with each other."
Look up the boiling point of water.,,"The boiling point of water is 100°C (212°F), at standard atmospheric pressure. When heated at higher pressures, water's boiling point increases. For example, water will boil at a temperature of 115°C (239°F) at an atmospheric pressure of 1 bar. At higher pressures, such as those experienced at the bottom of the ocean, the boiling point of water can be as high as 374°C (705°F).","Below is an instruction that describes a task. Write a response that appropriately completes the request.

### Instruction:
Look up the boiling point of water.

### Response:
The boiling point of water is 100°C (212°F), at standard atmospheric pressure. When heated at higher pressures, water's boiling point increases. For example, water will boil at a temperature of 115°C (239°F) at an atmospheric pressure of 1 bar. At higher pressures, such as those experienced at the bottom of the ocean, the boiling point of water can be as high as 374°C (705°F)."
Describe the life and reign of King Charles II.,,"King Charles II ascended to the throne of England following the English Civil War and the death of his father, Charles I. He was crowned in 1661 and his reign lasted until his death in 1685. Charles II was also a patron of the arts, working with some of the greatest painters and sculptors of his day. He also encouraged theater and sports and had an interest in sciences such as astronomy and natural history. Charles II was a moderate ruler who respected the civil and religious liberties of his citizens. He was tolerant of other religions and gave Jews and Catholics more rights in the kingdom. Charles II was also a strong supporter of the Royal Navy, which saw England increase its power in the world. He also promoted the development of industry and commerce, which helped to modernize the country. Charles II's reign was an important step in restoring the monarchy of England after the turmoil of the English Civil War.","Below is an instruction that describes a task. Write a response that appropriately completes the request.

### Instruction:
Describe the life and reign of King Charles II.

### Response:
King Charles II ascended to the throne of England following the English Civil War and the death of his father, Charles I. He was crowned in 1661 and his reign lasted until his death in 1685. Charles II was also a patron of the arts, working with some of the greatest painters and sculptors of his day. He also encouraged theater and sports and had an interest in sciences such as astronomy and natural history. Charles II was a moderate ruler who respected the civil and religious liberties of his citizens. He was tolerant of other religions and gave Jews and Catholics more rights in the kingdom. Charles II was also a strong supporter of the Royal Navy, which saw England increase its power in the world. He also promoted the development of industry and commerce, which helped to modernize the country. Charles II's reign was an important step in restoring the monarchy of England after the turmoil of the English Civil War."
Find the area of a circle given its radius.,Radius = 4,"The area of a circle with a radius of 4 is equal to 12.5664 square units. This is calculated by using the formula A = πr2, where A is the area, π is roughly equal to 3.1416 and r is the radius of the circle.","Below is an instruction that describes a task, paired with an input that provides further context. Write a response that appropriately completes the request.

### Instruction:
Find the area of a circle given its radius.

### Input:
Radius = 4

### Response:
The area of a circle with a radius of 4 is equal to 12.5664 square units. This is calculated by using the formula A = πr2, where A is the area, π is roughly equal to 3.1416 and r is the radius of the circle."
Identify the lines of longitude that divides North and South America.,,The lines of longitude that divides North and South America is the line of the Panama Canal. This line of longitude cuts through the Isthmus of Panama and separates South America from Central America. It is approximately 800 km (500 mi) in total length and was completed in 1914. The Panama Canal is an important shipping route and serves as an international waterway connecting the Caribbean Sea with the Pacific Ocean.,"Below is an instruction that describes a task. Write a response that appropriately completes the request.

### Instruction:
Identify the lines of longitude that divides North and South America.

### Response:
The lines of longitude that divides North and South America is the line of the Panama Canal. This line of longitude cuts through the Isthmus of Panama and separates South America from Central America. It is approximately 800 km (500 mi) in total length and was completed in 1914. The Panama Canal is an important shipping route and serves as an international waterway connecting the Caribbean Sea with the Pacific Ocean."
Explain the process of cellular respiration in plants.,,"Cellular respiration in plants is a complex process in which the plant converts glucose into usable energy. The process begins when the plant takes in carbon dioxide from the environment and combines it with water to form glucose molecules using the energy from sunlight. This glucose is then broken down into simpler molecules of carbon dioxide and water. During this process, the energy released is used to produce adenosine triphosphate (ATP) molecules. ATP is used by the plant to power other processes, such as growth and reproduction. Additionally, the ATP can also be broken down further to produce heat energy, which helps to sustain the plant's temperature. The carbon dioxide and water molecules produced in the process are then released back into the environment to complete the cycle.","Below is an instruction that describes a task. Write a response that appropriately completes the request.

### Instruction:
Explain the process of cellular respiration in plants.

### Response:
Cellular respiration in plants is a complex process in which the plant converts glucose into usable energy. The process begins when the plant takes in carbon dioxide from the environment and combines it with water to form glucose molecules using the energy from sunlight. This glucose is then broken down into simpler molecules of carbon dioxide and water. During this process, the energy released is used to produce adenosine triphosphate (ATP) molecules. ATP is used by the plant to power other processes, such as growth and reproduction. Additionally, the ATP can also be broken down further to produce heat energy, which helps to sustain the plant's temperature. The carbon dioxide and water molecules produced in the process are then released back into the environment to complete the cycle."
Rewrite the following sentence using active voice.,The news report was read by the captain.,The captain read the news report.,"Below is an instruction that describes a task, paired with an input that provides further context. Write a response that appropriately completes the request.

### Instruction:
Rewrite the following sentence using active voice.

### Input:
The news report was read by the captain.

### Response:
The captain read the news report."
Generate a list of adjectives that describe a person as brave.,,"Courageous, heroic, audacious, vigorous, valorous, resolute, intrepid, bold, brave, daring, tenacious, plucky, stout-hearted, doughty, gallant, fearless, undaunted, spirited, daredevil.","Below is an instruction that describes a task. Write a response that appropriately completes the request.

### Instruction:
Generate a list of adjectives that describe a person as brave.

### Response:
Courageous, heroic, audacious, vigorous, valorous, resolute, intrepid, bold, brave, daring, tenacious, plucky, stout-hearted, doughty, gallant, fearless, undaunted, spirited, daredevil."
Outline the consequences of deforestation.,,"Deforestation is the process of clearing and removing forests. The consequences of deforestation can include soil erosion, reduced water quality, decreased biodiversity, increased carbon dioxide in the atmosphere and loss of habitat for wildlife. Soil erosion occurs when the trees that help retain water and soil are removed, leading to soil particles being washed away. This can cause siltation in rivers and streams, affecting water quality and leading to flooding. Additionally, when trees are removed, wildlife lose their habitat. This can cause species to become endangered, leading to further loss of biodiversity. Deforestation can also lead to increased carbon dioxide in the atmosphere as there are fewer trees to take up the gas during photosynthesis, which can contribute to climate change.","Below is an instruction that describes a task. Write a response that appropriately completes the request.

### Instruction:
Outline the consequences of deforestation.

### Response:
Deforestation is the process of clearing and removing forests. The consequences of deforestation can include soil erosion, reduced water quality, decreased biodiversity, increased carbon dioxide in the atmosphere and loss of habitat for wildlife. Soil erosion occurs when the trees that help retain water and soil are removed, leading to soil particles being washed away. This can cause siltation in rivers and streams, affecting water quality and leading to flooding. Additionally, when trees are removed, wildlife lose their habitat. This can cause species to become endangered, leading to further loss of biodiversity. Deforestation can also lead to increased carbon dioxide in the atmosphere as there are fewer trees to take up the gas during photosynthesis, which can contribute to climate change."
Develop a plan to reduce electricity usage in a home.,,"A plan to reduce electricity usage in a home can include a number of different strategies. These include replacing inefficient lightbulbs with energy-efficient LEDs, unplugging appliances and electronics when not in use, using natural light instead of electric lights where possible, using a touch-free faucet to reduce water heater use, using a smart thermostat to monitor and adjust temperatures automatically, installing a solar hot water heater, and turning off electronics when not in use. Additionally, making sure to install and seal windows and doors correctly to reduce air leakage can also help reduce electricity usage.","Below is an instruction that describes a task. Write a response that appropriately completes the request.

### Instruction:
Develop a plan to reduce electricity usage in a home.

### Response:
A plan to reduce electricity usage in a home can include a number of different strategies. These include replacing inefficient lightbulbs with energy-efficient LEDs, unplugging appliances and electronics when not in use, using natural light instead of electric lights where possible, using a touch-free faucet to reduce water heater use, using a smart thermostat to monitor and adjust temperatures automatically, installing a solar hot water heater, and turning off electronics when not in use. Additionally, making sure to install and seal windows and doors correctly to reduce air leakage can also help reduce electricity usage."
Arrange the words in the given sentence to form a grammatically correct sentence.,quickly the brown fox jumped,The quick brown fox jumped quickly.,"Below is an instruction that describes a task, paired with an input that provides further context. Write a response that appropriately completes the request.

### Instruction:
Arrange the words in the given sentence to form a grammatically correct sentence.

### Input:
quickly the brown fox jumped

### Response:
The quick brown fox jumped quickly."
Analyze the given text for its tone.,The world has been greatly impacted by the COVID-19 pandemic and it has drastically changed our lives.,The tone of the text is one of concern and recognition of the dramatic effects of the COVID-19 pandemic on the world. It is an acknowledgement of the upheaval that the virus has caused and that our lives have been drastically changed.,"Below is an instruction that describes a task, paired with an input that provides further context. Write a response that appropriately completes the request.

### Instruction:
Analyze the given text for its tone.

### Input:
The world has been greatly impacted by the COVID-19 pandemic and it has drastically changed our lives.

### Response:
The tone of the text is one of concern and recognition of the dramatic effects of the COVID-19 pandemic on the world. It is an acknowledgement of the upheaval that the virus has caused and that our lives have been drastically changed."
Use the given data to calculate the median.,"[2, 3, 7, 8, 10]",The median of the given data is 7.,"Below is an instruction that describes a task, paired with an input that provides further context. Write a response that appropriately completes the request.

### Instruction:
Use the given data to calculate the median.

### Input:
[2, 3, 7, 8, 10]

### Response:
The median of the given data is 7."
"Rewrite the given paragraph in a shorter, easier to understand form.","Although it is generally accepted that the internet has allowed us to connect with people all over the world, there are still those people who are not familiar with its basic functions, who don’t understand why it has become so commonplace, or what its true capabilities are.","The internet has allowed us to connect globally, even though some people are unfamiliar with its functions, don't comprehend its widespread use, and don't know its full potential.","Below is an instruction that describes a task, paired with an input that provides further context. Write a response that appropriately completes the request.

### Instruction:
Rewrite the given paragraph in a shorter, easier to understand form.

### Input:
Although it is generally accepted that the internet has allowed us to connect with people all over the world, there are still those people who are not familiar with its basic functions, who don’t understand why it has become so commonplace, or what its true capabilities are.

### Response:
The internet has allowed us to connect globally, even though some people are unfamiliar with its functions, don't comprehend its widespread use, and don't know its full potential."
Design a logo for a website about recycling.,,"The logo should feature a green motif that is recognizable and memorable, such as a recycle symbol or a stylized representation of a recycling bin. The logo should also include text that communicates the website's purpose, such as ""Recycling"" or ""Go Green"".","Below is an instruction that describes a task. Write a response that appropriately completes the request.

### Instruction:
Design a logo for a website about recycling.

### Response:
The logo should feature a green motif that is recognizable and memorable, such as a recycle symbol or a stylized representation of a recycling bin. The logo should also include text that communicates the website's purpose, such as ""Recycling"" or ""Go Green""."
Generate a poem that expresses joy.,,"Joy flows through me like a river clear,
Bringing laughter and bliss to my soul to hear.

The world is bright and wonderful, I can see,
Making every moment something happy and free.

My heart feels light, my cares have flown,
As I discover what happiness gives me alone.

I open my arms and accept the joy,
Bringing life to my song, so sweet like a toy.

Every moment is a precious gift,
That I savor and never let drift.","Below is an instruction that describes a task. Write a response that appropriately completes the request.

### Instruction:
Generate a poem that expresses joy.

### Response:
Joy flows through me like a river clear,
Bringing laughter and bliss to my soul to hear.

The world is bright and wonderful, I can see,
Making every moment something happy and free.

My heart feels light, my cares have flown,
As I discover what happiness gives me alone.

I open my arms and accept the joy,
Bringing life to my song, so sweet like a toy.

Every moment is a precious gift,
That I savor and never let drift."
Convert the given equation into an algebraic expression.,3x+5y=9,3x + 5y - 9 = 0,"Below is an instruction that describes a task, paired with an input that provides further context. Write a response that appropriately completes the request.

### Instruction:
Convert the given equation into an algebraic expression.

### Input:
3x+5y=9

### Response:
3x + 5y - 9 = 0"
Brainstorm possible solutions to reduce water pollution.,,"- Implement stricter regulations on industrial waste disposal
- Increase the use of green technology in wastewater treatment
- Provide incentives to businesses that reduce their water consumption and waste generation
- Educate citizens about water conservation and pollution prevention
- Offer recycling programs to reduce plastic waste
- Replace disposable plastics with biodegradable alternatives
- Improve sewer systems
- Re-introduce native plant species
- Foster artificial wetlands and green infrastructure
- Provide filtration systems at water treatment plants
- Implement best practices for agricultural runoff
- Increase research and monitoring of water quality
- Establish buffer zones between aquatic environments and land-based activities.","Below is an instruction that describes a task. Write a response that appropriately completes the request.

### Instruction:
Brainstorm possible solutions to reduce water pollution.

### Response:
- Implement stricter regulations on industrial waste disposal
- Increase the use of green technology in wastewater treatment
- Provide incentives to businesses that reduce their water consumption and waste generation
- Educate citizens about water conservation and pollution prevention
- Offer recycling programs to reduce plastic waste
- Replace disposable plastics with biodegradable alternatives
- Improve sewer systems
- Re-introduce native plant species
- Foster artificial wetlands and green infrastructure
- Provide filtration systems at water treatment plants
- Implement best practices for agricultural runoff
- Increase research and monitoring of water quality
- Establish buffer zones between aquatic environments and land-based activities."
Explain why the given definition is wrong.,A mole is an animal that lives underground.,"The definition is wrong because a mole is actually a small mammal that lives above ground and feeds on insects. It is most distinguishable by its long snout and wide, paddle-like feet. It does, however, often dig burrows in which it lives and shelters.","Below is an instruction that describes a task, paired with an input that provides further context. Write a response that appropriately completes the request.

### Instruction:
Explain why the given definition is wrong.

### Input:
A mole is an animal that lives underground.

### Response:
The definition is wrong because a mole is actually a small mammal that lives above ground and feeds on insects. It is most distinguishable by its long snout and wide, paddle-like feet. It does, however, often dig burrows in which it lives and shelters."
Variable x is defined as “4x + 2y = 10”. Find the value of x.,,"The value of x is 2. To find the value, simplify the equation by subtracting 2y from both sides, giving 4x = 10; dividing both sides by 4, giving x = 2/4, which is equal to 2.","Below is an instruction that describes a task. Write a response that appropriately completes the request.

### Instruction:
Variable x is defined as “4x + 2y = 10”. Find the value of x.

### Response:
The value of x is 2. To find the value, simplify the equation by subtracting 2y from both sides, giving 4x = 10; dividing both sides by 4, giving x = 2/4, which is equal to 2."
Write a short paragraph about the given topic.,The importance of using renewable energy,"The use of renewable energy is growing rapidly in relevance and importance as the world looks towards solutions to combat climate change. Renewable energy sources, such as solar, wind, and hydropower, are sustainable and have a much lower environmental impact than traditional energy sources like coal and oil. Switching to renewable energy can reduce carbon emissions, improve air quality, lessen the dependence on non-renewable resources, and provide a stable and secure energy future. Renewable energy is essential for achieving a sustainable future and should be an important part of any country’s energy portfolio.","Below is an instruction that describes a task, paired with an input that provides further context. Write a response that appropriately completes the request.

### Instruction:
Write a short paragraph about the given topic.

### Input:
The importance of using renewable energy

### Response:
The use of renewable energy is growing rapidly in relevance and importance as the world looks towards solutions to combat climate change. Renewable energy sources, such as solar, wind, and hydropower, are sustainable and have a much lower environmental impact than traditional energy sources like coal and oil. Switching to renewable energy can reduce carbon emissions, improve air quality, lessen the dependence on non-renewable resources, and provide a stable and secure energy future. Renewable energy is essential for achieving a sustainable future and should be an important part of any country’s energy portfolio."
Explain the concept of artificial intelligence in simple terms.,,"Artificial Intelligence (AI) is the ability of machines and computers to make decisions and complete tasks similar to what humans can do. AI can learn from data, recognize patterns, and make predictions. AI technology can automate tedious and complex processes, helping to reduce human effort and errors, and enable more accurate and efficient decisions. AI can be used in a wide range of applications, from robotics and autonomous vehicles to healthcare and finance. It is increasingly becoming an integral part of everyday life.","Below is an instruction that describes a task. Write a response that appropriately completes the request.

### Instruction:
Explain the concept of artificial intelligence in simple terms.

### Response:
Artificial Intelligence (AI) is the ability of machines and computers to make decisions and complete tasks similar to what humans can do. AI can learn from data, recognize patterns, and make predictions. AI technology can automate tedious and complex processes, helping to reduce human effort and errors, and enable more accurate and efficient decisions. AI can be used in a wide range of applications, from robotics and autonomous vehicles to healthcare and finance. It is increasingly becoming an integral part of everyday life."
Design an app for a delivery company.,,"The app should allow customers to order items from local businesses and nearby store, place delivery requests with detailed delivery requirements, and track their orders. It should also allow customers to easily find and pay for services. The app should allow businesses to manage orders, track deliveries and drivers, set delivery boundaries, and set prices. It should also have features to help businesses promote their products and services, as well as options to provide customer feedback and support.","Below is an instruction that describes a task. Write a response that appropriately completes the request.

### Instruction:
Design an app for a delivery company.

### Response:
The app should allow customers to order items from local businesses and nearby store, place delivery requests with detailed delivery requirements, and track their orders. It should also allow customers to easily find and pay for services. The app should allow businesses to manage orders, track deliveries and drivers, set delivery boundaries, and set prices. It should also have features to help businesses promote their products and services, as well as options to provide customer feedback and support."
Summarize the given passage.,"A recent study showed that global climate change is one of the most important challenges facing the world today. The consequences of global warming include rising sea levels, extreme weather events and biodiversity loss. Climate change is caused by human activities such as burning fossil fuels, and if unchecked will have long-term and devastating impacts on the planet.","A recent study revealed that global climate change is one of the world’s most pressing issues. In addition to rising sea levels, extreme weather events and biodiversity loss, it is caused largely by human activities like burning fossil fuels. If left unchecked, climate change will have far-reaching and devastating consequences.","Below is an instruction that describes a task, paired with an input that provides further context. Write a response that appropriately completes the request.

### Instruction:
Summarize the given passage.

### Input:
A recent study showed that global climate change is one of the most important challenges facing the world today. The consequences of global warming include rising sea levels, extreme weather events and biodiversity loss. Climate change is caused by human activities such as burning fossil fuels, and if unchecked will have long-term and devastating impacts on the planet.

### Response:
A recent study revealed that global climate change is one of the world’s most pressing issues. In addition to rising sea levels, extreme weather events and biodiversity loss, it is caused largely by human activities like burning fossil fuels. If left unchecked, climate change will have far-reaching and devastating consequences."
Extract the facts from the paragraph.,"Online education continues to become more popular for schools and students alike. Its advantages are generally lower costs, less commitment and the ability to study at a time, place and pace that suits the student.","- Online education is becoming increasingly popular.
- It has several advantages such as lower costs, less commitment and the ability to study at one’s own time and pace.","Below is an instruction that describes a task, paired with an input that provides further context. Write a response that appropriately completes the request.

### Instruction:
Extract the facts from the paragraph.

### Input:
Online education continues to become more popular for schools and students alike. Its advantages are generally lower costs, less commitment and the ability to study at a time, place and pace that suits the student.

### Response:
- Online education is becoming increasingly popular.
- It has several advantages such as lower costs, less commitment and the ability to study at one’s own time and pace."
Edit the following sentence to make it more concise.,He ran to the bus stop in order to catch the bus that was due to arrive in five minutes.,"He ran to the bus stop, due to arrive in five minutes.","Below is an instruction that describes a task, paired with an input that provides further context. Write a response that appropriately completes the request.

### Instruction:
Edit the following sentence to make it more concise.

### Input:
He ran to the bus stop in order to catch the bus that was due to arrive in five minutes.

### Response:
He ran to the bus stop, due to arrive in five minutes."
Generate a poem with 10 lines.,,"The evening light shimmers on the shore
Softly the waves echoes around and more 
As I bask in the sun, my worries are all gone
The sound of seagulls I now foolishly ignore 
Glistening sand, beckons me with a silent plea 
Glistening seawater, cool to the touch and refreshingly free 
The evening brings peace, yet I can't find any 
But maybe in the morning there'll be time for me
My bottled peacefulness, I uncork and pour 
The sound of the ocean, lulls me even more 
And for just a moment I close my eyes and behold 
The vastness of the ocean, to my soul I now unfold.","Below is an instruction that describes a task. Write a response that appropriately completes the request.

### Instruction:
Generate a poem with 10 lines.

### Response:
The evening light shimmers on the shore
Softly the waves echoes around and more 
As I bask in the sun, my worries are all gone
The sound of seagulls I now foolishly ignore 
Glistening sand, beckons me with a silent plea 
Glistening seawater, cool to the touch and refreshingly free 
The evening brings peace, yet I can't find any 
But maybe in the morning there'll be time for me
My bottled peacefulness, I uncork and pour 
The sound of the ocean, lulls me even more 
And for just a moment I close my eyes and behold 
The vastness of the ocean, to my soul I now unfold."
Convert from celsius to fahrenheit.,Temperature in Celsius: 15,Temperature in Fahrenheit: 59,"Below is an instruction that describes a task, paired with an input that provides further context. Write a response that appropriately completes the request.

### Instruction:
Convert from celsius to fahrenheit.

### Input:
Temperature in Celsius: 15

### Response:
Temperature in Fahrenheit: 59"
Arrange the given numbers in ascending order.,"2, 4, 0, 8, 3","0, 2, 3, 4, 8","Below is an instruction that describes a task, paired with an input that provides further context. Write a response that appropriately completes the request.

### Instruction:
Arrange the given numbers in ascending order.

### Input:
2, 4, 0, 8, 3

### Response:
0, 2, 3, 4, 8"
Calculate the total surface area of a cube with a side length of 5 cm.,,Total surface area of the cube: 150 cm^2,"Below is an instruction that describes a task. Write a response that appropriately completes the request.

### Instruction:
Calculate the total surface area of a cube with a side length of 5 cm.

### Response:
Total surface area of the cube: 150 cm^2"
What is the force on a 1 kg mass due to the gravitational force?,,The force on a 1 kg mass due to the gravitational force is 9.8 N.,"Below is an instruction that describes a task. Write a response that appropriately completes the request.

### Instruction:
What is the force on a 1 kg mass due to the gravitational force?

### Response:
The force on a 1 kg mass due to the gravitational force is 9.8 N."
Provide one example for a cultural practice.,,An example of a cultural practice is the Japanese tea ceremony.,"Below is an instruction that describes a task. Write a response that appropriately completes the request.

### Instruction:
Provide one example for a cultural practice.

### Response:
An example of a cultural practice is the Japanese tea ceremony."
"Given a set of numbers, find the maximum value.","Set: {10, 3, 25, 6, 16}",The maximum value is 25.,"Below is an instruction that describes a task, paired with an input that provides further context. Write a response that appropriately completes the request.

### Instruction:
Given a set of numbers, find the maximum value.

### Input:
Set: {10, 3, 25, 6, 16}

### Response:
The maximum value is 25."
Give two examples of a liquid.,,Two examples of liquids are water and oil.,"Below is an instruction that describes a task. Write a response that appropriately completes the request.

### Instruction:
Give two examples of a liquid.

### Response:
Two examples of liquids are water and oil."
What is the product of 6 and 2?,,The product of 6 and 2 is 12.,"Below is an instruction that describes a task. Write a response that appropriately completes the request.

### Instruction:
What is the product of 6 and 2?

### Response:
The product of 6 and 2 is 12."
What type of plant is a skunk cabbage?,,Skunk cabbage is a type of perennial flowering plant.,"Below is an instruction that describes a task. Write a response that appropriately completes the request.

### Instruction:
What type of plant is a skunk cabbage?

### Response:
Skunk cabbage is a type of perennial flowering plant."
Convert the given binary number to its decimal equivalent.,101101,The decimal equivalent of 101101 is 45.,"Below is an instruction that describes a task, paired with an input that provides further context. Write a response that appropriately completes the request.

### Instruction:
Convert the given binary number to its decimal equivalent.

### Input:
101101

### Response:
The decimal equivalent of 101101 is 45."
Name two types of desert biomes.,,Two types of desert biomes are xeric and subpolar deserts.,"Below is an instruction that describes a task. Write a response that appropriately completes the request.

### Instruction:
Name two types of desert biomes.

### Response:
Two types of desert biomes are xeric and subpolar deserts."
"Given a sentence, convert it into passive voice.",The dog barked at the alley cat.,The alley cat was barked at by the dog.,"Below is an instruction that describes a task, paired with an input that provides further context. Write a response that appropriately completes the request.

### Instruction:
Given a sentence, convert it into passive voice.

### Input:
The dog barked at the alley cat.

### Response:
The alley cat was barked at by the dog."
Transform the following sentence into the passive voice,I bought a book,A book was bought by me.,"Below is an instruction that describes a task, paired with an input that provides further context. Write a response that appropriately completes the request.

### Instruction:
Transform the following sentence into the passive voice

### Input:
I bought a book

### Response:
A book was bought by me."
Create a dialog between two people who are discussing a scientific phenomenon,Hydropower,"Person 1: Did you know that hydropower is now being used to generate electricity?
Person 2: Really? That’s incredible! How does it work?
Person: 1: Well, hydropower utilizes the energy of moving water to generate electricity. By capturing and harnessing the energy of falling or flowing water, hydropower can be used for efficient electricity generation.","Below is an instruction that describes a task, paired with an input that provides further context. Write a response that appropriately completes the request.

### Instruction:
Create a dialog between two people who are discussing a scientific phenomenon

### Input:
Hydropower

### Response:
Person 1: Did you know that hydropower is now being used to generate electricity?
Person 2: Really? That’s incredible! How does it work?
Person: 1: Well, hydropower utilizes the energy of moving water to generate electricity. By capturing and harnessing the energy of falling or flowing water, hydropower can be used for efficient electricity generation."
Identify the most suitable adverb for the following sentence,She works,She works diligently.,"Below is an instruction that describes a task, paired with an input that provides further context. Write a response that appropriately completes the request.

### Instruction:
Identify the most suitable adverb for the following sentence

### Input:
She works

### Response:
She works diligently."
Find the main idea of the following passage,"Climate change is an increasingly contentious global issue. It is already having a drastic effect on the environment and human lives. We are already seeing an increase in extreme weather events and rising sea levels, both of which have a major impact on the planet.",The main idea of the passage is that climate change is a global issue that is having a detrimental effect on the environment and has caused an increase in extreme weather events and rising sea levels.,"Below is an instruction that describes a task, paired with an input that provides further context. Write a response that appropriately completes the request.

### Instruction:
Find the main idea of the following passage

### Input:
Climate change is an increasingly contentious global issue. It is already having a drastic effect on the environment and human lives. We are already seeing an increase in extreme weather events and rising sea levels, both of which have a major impact on the planet.

### Response:
The main idea of the passage is that climate change is a global issue that is having a detrimental effect on the environment and has caused an increase in extreme weather events and rising sea levels."
Analyze the tone of the following sentences,I am so upset with you right now,The tone of the sentences is angry and accusatory.,"Below is an instruction that describes a task, paired with an input that provides further context. Write a response that appropriately completes the request.

### Instruction:
Analyze the tone of the following sentences

### Input:
I am so upset with you right now

### Response:
The tone of the sentences is angry and accusatory."
Construct an argument to defend the following statement,Alternative energy sources are critical to solving the climate crisis,"Alternative energy sources are absolutely vital in order to mitigate the most detrimental impacts of climate change. As the world transitions away from fossil fuels and towards more sustainable sources of energy, such as wind, solar, and hydropower, we can reduce the number of greenhouse gases in the atmosphere and prevent further warming of our planet. Additionally, using renewable and alternative energies sources will create thousands of jobs and can help to create a healthy, stable economy. Investing in alternative energy sources is a sound decision and a necessary step if we want to effectively address the climate crisis.","Below is an instruction that describes a task, paired with an input that provides further context. Write a response that appropriately completes the request.

### Instruction:
Construct an argument to defend the following statement

### Input:
Alternative energy sources are critical to solving the climate crisis

### Response:
Alternative energy sources are absolutely vital in order to mitigate the most detrimental impacts of climate change. As the world transitions away from fossil fuels and towards more sustainable sources of energy, such as wind, solar, and hydropower, we can reduce the number of greenhouse gases in the atmosphere and prevent further warming of our planet. Additionally, using renewable and alternative energies sources will create thousands of jobs and can help to create a healthy, stable economy. Investing in alternative energy sources is a sound decision and a necessary step if we want to effectively address the climate crisis."
Convert the following sentence into the present continuous tense,He reads books,He is reading books.,"Below is an instruction that describes a task, paired with an input that provides further context. Write a response that appropriately completes the request.

### Instruction:
Convert the following sentence into the present continuous tense

### Input:
He reads books

### Response:
He is reading books."
Give an example of a metaphor that uses the following object,Stars,The stars were twinkling diamonds in the night sky.,"Below is an instruction that describes a task, paired with an input that provides further context. Write a response that appropriately completes the request.

### Instruction:
Give an example of a metaphor that uses the following object

### Input:
Stars

### Response:
The stars were twinkling diamonds in the night sky."
Describe the following person,John,"John is a tall, dark-haired man with a kind smile and a twinkle in his eyes. He has a gentle, caring nature, and he always strives to understand others. He has a passion for learning and exploring new places, experiences and cultures.","Below is an instruction that describes a task, paired with an input that provides further context. Write a response that appropriately completes the request.

### Instruction:
Describe the following person

### Input:
John

### Response:
John is a tall, dark-haired man with a kind smile and a twinkle in his eyes. He has a gentle, caring nature, and he always strives to understand others. He has a passion for learning and exploring new places, experiences and cultures."
Construct a mathematical problem with the following numbers,"21, 4","If 21 pieces of candy are divided among 4 people, how many pieces of candy does each person get?","Below is an instruction that describes a task, paired with an input that provides further context. Write a response that appropriately completes the request.

### Instruction:
Construct a mathematical problem with the following numbers

### Input:
21, 4

### Response:
If 21 pieces of candy are divided among 4 people, how many pieces of candy does each person get?"
Aim to reduce the following sentence without changing its meaning,"When he came in, he woke everyone up",He woke everyone on entering.,"Below is an instruction that describes a task, paired with an input that provides further context. Write a response that appropriately completes the request.

### Instruction:
Aim to reduce the following sentence without changing its meaning

### Input:
When he came in, he woke everyone up

### Response:
He woke everyone on entering."
Identify the conjunctions in the following sentence,She wrote a letter and sealed it,"The conjunctions in the sentence are ""and"".","Below is an instruction that describes a task, paired with an input that provides further context. Write a response that appropriately completes the request.

### Instruction:
Identify the conjunctions in the following sentence

### Input:
She wrote a letter and sealed it

### Response:
The conjunctions in the sentence are ""and""."
Rewrite the following sentence in the third person,I am anxious,She is anxious.,"Below is an instruction that describes a task, paired with an input that provides further context. Write a response that appropriately completes the request.

### Instruction:
Rewrite the following sentence in the third person

### Input:
I am anxious

### Response:
She is anxious."
Generate a list of business ideas for a food delivery service.,,"- Offer discounts and loyalty programs for frequent customers.
- Partner with local restaurants and promote their food.
- Train delivery personnel to handle orders and provide good customer service.
- Use mobile apps and websites for ordering.
- Offer diverse payment options for customers.
- Allow customers to customize their orders.
- Pack food in recyclable and compostable packaging.
- Launch a subscription model for regular customers.
- Offer special services like food suggestions based on customers' preferences.
- Provide contactless delivery and curbside pickup.
- Provide catering services for large orders and special events.
- Use online marketing and social media platforms to reach more customers.
- Create incentives to encourage customers to try new dishes.
- Create meal kits with all the necessary ingredients and a recipe.
- Make use of food delivery robots and drones.
- Offer a loyalty points system for customers.
- Collaborate with local farmers to source produce and ingredients.
- Offer vegetarian, vegan, and gluten-free options.
- Allow customers to select the delivery time.
- Implement AI-powered recommendations for customers.","Below is an instruction that describes a task. Write a response that appropriately completes the request.

### Instruction:
Generate a list of business ideas for a food delivery service.

### Response:
- Offer discounts and loyalty programs for frequent customers.
- Partner with local restaurants and promote their food.
- Train delivery personnel to handle orders and provide good customer service.
- Use mobile apps and websites for ordering.
- Offer diverse payment options for customers.
- Allow customers to customize their orders.
- Pack food in recyclable and compostable packaging.
- Launch a subscription model for regular customers.
- Offer special services like food suggestions based on customers' preferences.
- Provide contactless delivery and curbside pickup.
- Provide catering services for large orders and special events.
- Use online marketing and social media platforms to reach more customers.
- Create incentives to encourage customers to try new dishes.
- Create meal kits with all the necessary ingredients and a recipe.
- Make use of food delivery robots and drones.
- Offer a loyalty points system for customers.
- Collaborate with local farmers to source produce and ingredients.
- Offer vegetarian, vegan, and gluten-free options.
- Allow customers to select the delivery time.
- Implement AI-powered recommendations for customers."
Edit the following sentence to improve clarity and flow.,The restaurant has great food though the prices are a bit hefty,The restaurant offers great food but at a slightly higher price.,"Below is an instruction that describes a task, paired with an input that provides further context. Write a response that appropriately completes the request.

### Instruction:
Edit the following sentence to improve clarity and flow.

### Input:
The restaurant has great food though the prices are a bit hefty

### Response:
The restaurant offers great food but at a slightly higher price."
Imagine you are speaking with a customer who is unsatisfied with the product they bought from you. Construct a response that diffuses the situation.,,"I'm sorry that you're not happy with your purchase. We want all of our customers to be satisfied, so I'd like to offer you a full refund, as well as a 15% discount for your next purchase. Is there anything else I can do to make this right for you?","Below is an instruction that describes a task. Write a response that appropriately completes the request.

### Instruction:
Imagine you are speaking with a customer who is unsatisfied with the product they bought from you. Construct a response that diffuses the situation.

### Response:
I'm sorry that you're not happy with your purchase. We want all of our customers to be satisfied, so I'd like to offer you a full refund, as well as a 15% discount for your next purchase. Is there anything else I can do to make this right for you?"
Explain the concept of a bubble sort algorithm to a non-technical audience.,,"A bubble sort algorithm is a type of sorting algorithm that is used to sort elements in an array. It works by looking at each element of the array and comparing it to the next element. If the first element is bigger than the second element, they are swapped. This process is repeated until the whole array is sorted. This type of sorting is one of the simplest sorting algorithms, but it can be slow if the array has many elements.","Below is an instruction that describes a task. Write a response that appropriately completes the request.

### Instruction:
Explain the concept of a bubble sort algorithm to a non-technical audience.

### Response:
A bubble sort algorithm is a type of sorting algorithm that is used to sort elements in an array. It works by looking at each element of the array and comparing it to the next element. If the first element is bigger than the second element, they are swapped. This process is repeated until the whole array is sorted. This type of sorting is one of the simplest sorting algorithms, but it can be slow if the array has many elements."
"Classify the following incident as a breach of protocol. Output 1 for breach, and 0 for no breach.",Using a school laptop for personal use,1,"Below is an instruction that describes a task, paired with an input that provides further context. Write a response that appropriately completes the request.

### Instruction:
Classify the following incident as a breach of protocol. Output 1 for breach, and 0 for no breach.

### Input:
Using a school laptop for personal use

### Response:
1"
"Given the following input, construct a creative story.",A magic bow and arrow,"Once upon a time, there lived a young girl named Alexa who was gifted with an incredible magical bow and arrow. Whenever she pulled back her bow and let an arrow fly, wherever it landed, something extraordinary happened. Flowers bloomed, oceans calmed, and the sun shone brighter. Alexa's bow and arrow were so powerful, that it could make even the most impossible things possible. One day, during a great storm, Alexa used her magical bow and arrow to bring calm and harmony to her hometown. She was praised and celebrated by the whole town, and she soon became a symbol of hope and peace.","Below is an instruction that describes a task, paired with an input that provides further context. Write a response that appropriately completes the request.

### Instruction:
Given the following input, construct a creative story.

### Input:
A magic bow and arrow

### Response:
Once upon a time, there lived a young girl named Alexa who was gifted with an incredible magical bow and arrow. Whenever she pulled back her bow and let an arrow fly, wherever it landed, something extraordinary happened. Flowers bloomed, oceans calmed, and the sun shone brighter. Alexa's bow and arrow were so powerful, that it could make even the most impossible things possible. One day, during a great storm, Alexa used her magical bow and arrow to bring calm and harmony to her hometown. She was praised and celebrated by the whole town, and she soon became a symbol of hope and peace."
Generate a list of methods to reduce food waste.,,"- Shop smarter and only buy what you need.
- Save leftovers for later and freeze them if necessary. 
- Monitor expiration dates and consume items before they go bad.
- Participate in community or public food sharing initiatives.
- Compost leftover food scraps.
- Reuse containers, jars, and bags.
- Make use of restaurant discounts to reduce over-ordering. 
- Donate foods that have short expiration dates to local food banks. 
- Buy more produce that is close to the expiration date and prepare it soon.
- Order small portions while dining out.
- Educate yourself and others about food waste.
- Plan meals in advance and base your grocery list on the meals. 
- Store food correctly to reduce spoilage.
- Make sure your fridge is at the right temperature.
- Have a system to track leftovers in the fridge. 
- Eat all edible parts of food, including stems and skins.
- Use creative recipes to use the entire food item.
- Use food that would otherwise be thrown away for animal feed.
- Take part in campaigns to make food sustainability an issue.","Below is an instruction that describes a task. Write a response that appropriately completes the request.

### Instruction:
Generate a list of methods to reduce food waste.

### Response:
- Shop smarter and only buy what you need.
- Save leftovers for later and freeze them if necessary. 
- Monitor expiration dates and consume items before they go bad.
- Participate in community or public food sharing initiatives.
- Compost leftover food scraps.
- Reuse containers, jars, and bags.
- Make use of restaurant discounts to reduce over-ordering. 
- Donate foods that have short expiration dates to local food banks. 
- Buy more produce that is close to the expiration date and prepare it soon.
- Order small portions while dining out.
- Educate yourself and others about food waste.
- Plan meals in advance and base your grocery list on the meals. 
- Store food correctly to reduce spoilage.
- Make sure your fridge is at the right temperature.
- Have a system to track leftovers in the fridge. 
- Eat all edible parts of food, including stems and skins.
- Use creative recipes to use the entire food item.
- Use food that would otherwise be thrown away for animal feed.
- Take part in campaigns to make food sustainability an issue."
Propose an idea for a self-driving car.,,"My idea for a self-driving car is to develop an AI system that uses machine learning to help the car recognize its environment. The AI system will also be able to learn from its mistakes and increase its accuracy. Additionally, the self-driving car will be able to detect potential hazards and warn the driver, or take corrective action if necessary. The car will also be equipped with an emergency button, in case the driver needs to take manual control of the vehicle. Furthermore, the car will be capable of automated parking and will be able to drive itself to a nearby charging station when the battery is low. Finally, the software will be able to connect with smartphones, so the user can access their navigation system and entertainment options even while on the move.","Below is an instruction that describes a task. Write a response that appropriately completes the request.

### Instruction:
Propose an idea for a self-driving car.

### Response:
My idea for a self-driving car is to develop an AI system that uses machine learning to help the car recognize its environment. The AI system will also be able to learn from its mistakes and increase its accuracy. Additionally, the self-driving car will be able to detect potential hazards and warn the driver, or take corrective action if necessary. The car will also be equipped with an emergency button, in case the driver needs to take manual control of the vehicle. Furthermore, the car will be capable of automated parking and will be able to drive itself to a nearby charging station when the battery is low. Finally, the software will be able to connect with smartphones, so the user can access their navigation system and entertainment options even while on the move."
Explain the concept of a linear regression model using simple language.,,"A linear regression model is a type of machine learning model that can be used to predict or estimate the value of a continuous numerical variable from a set of input variables. In this model, a line is fitted to a set of data points such that the sum of the squared distance of the data points from the line is minimized. This line of best fit can then be used to estimate the value of the output variable based on the values of the input variables.","Below is an instruction that describes a task. Write a response that appropriately completes the request.

### Instruction:
Explain the concept of a linear regression model using simple language.

### Response:
A linear regression model is a type of machine learning model that can be used to predict or estimate the value of a continuous numerical variable from a set of input variables. In this model, a line is fitted to a set of data points such that the sum of the squared distance of the data points from the line is minimized. This line of best fit can then be used to estimate the value of the output variable based on the values of the input variables."
Construct a list of tips to help reduce stress.,,"- Take a time out and acquire some rest when feeling overwhelmed. 
- Make time for yourself and learn to relax. 
- Exercise regularly and get plenty of sleep. 
- Listen to music you like, or take a warm bath. 
- Stick to a healthy diet full of essential vitamins and minerals.
- Reach out to friends and family for support.
- Try aromatherapy or yoga. 
- Do something creative like drawing, painting, or writing. 
- Engage in activities that bring you joy and peace of mind. 
- Avoid drugs or excessive amounts of alcohol. 
- Practice deep breathing and progressive muscle relaxation. 
- Take up a new hobby to stay occupied. 
- Break big tasks down into smaller, more manageable tasks. 
- Practice positive self-talk to keep your morale high. 
- Talk to a therapist or trusted mentor if necessary. 
- Make time for fun activities and social events. 
- Prioritize tasks and create a weekly schedule. 
- Create a plan of action and identify solutions to problems. 
- Learn to forgive yourself and others.","Below is an instruction that describes a task. Write a response that appropriately completes the request.

### Instruction:
Construct a list of tips to help reduce stress.

### Response:
- Take a time out and acquire some rest when feeling overwhelmed. 
- Make time for yourself and learn to relax. 
- Exercise regularly and get plenty of sleep. 
- Listen to music you like, or take a warm bath. 
- Stick to a healthy diet full of essential vitamins and minerals.
- Reach out to friends and family for support.
- Try aromatherapy or yoga. 
- Do something creative like drawing, painting, or writing. 
- Engage in activities that bring you joy and peace of mind. 
- Avoid drugs or excessive amounts of alcohol. 
- Practice deep breathing and progressive muscle relaxation. 
- Take up a new hobby to stay occupied. 
- Break big tasks down into smaller, more manageable tasks. 
- Practice positive self-talk to keep your morale high. 
- Talk to a therapist or trusted mentor if necessary. 
- Make time for fun activities and social events. 
- Prioritize tasks and create a weekly schedule. 
- Create a plan of action and identify solutions to problems. 
- Learn to forgive yourself and others."
Write a review of a recent movie you watched.,Parasite (2019),"I recently watched the movie Parasite, directed by Bong Joon-Ho, and I was absolutely blown away. This movie is a masterful blend of genres—it's both a black comedy and a commentary on classism, with a twist ending that no one could see coming. The acting is fantastic, particularly Song Kang-ho as the head of the poor household, and the cinematography is stunning. The movie has a perfect balance of humor and thought-provoking drama, and it will leave you talking about the ending for days afterwards. Overall, I highly recommend Parasite; it is an exceptional movie and an experience you won't soon forget.","Below is an instruction that describes a task, paired with an input that provides further context. Write a response that appropriately completes the request.

### Instruction:
Write a review of a recent movie you watched.

### Input:
Parasite (2019)

### Response:
I recently watched the movie Parasite, directed by Bong Joon-Ho, and I was absolutely blown away. This movie is a masterful blend of genres—it's both a black comedy and a commentary on classism, with a twist ending that no one could see coming. The acting is fantastic, particularly Song Kang-ho as the head of the poor household, and the cinematography is stunning. The movie has a perfect balance of humor and thought-provoking drama, and it will leave you talking about the ending for days afterwards. Overall, I highly recommend Parasite; it is an exceptional movie and an experience you won't soon forget."
Create a Twitter post to promote your new product.,Alisha's All Natural Jam,"Introducing Alisha's All Natural Jam, handmade with love using only the finest ingredients! Get ready for a delicious treat that will give your tastebuds a flavor explosion! Try our five amazing flavors: Strawberry, Blueberry, Peach, Raspberry, and Blackberry. Buy now and snack with the world! #snacktime #allnatural #jam #tastebuds #freshfruit #homemade #delicious #salttw","Below is an instruction that describes a task, paired with an input that provides further context. Write a response that appropriately completes the request.

### Instruction:
Create a Twitter post to promote your new product.

### Input:
Alisha's All Natural Jam

### Response:
Introducing Alisha's All Natural Jam, handmade with love using only the finest ingredients! Get ready for a delicious treat that will give your tastebuds a flavor explosion! Try our five amazing flavors: Strawberry, Blueberry, Peach, Raspberry, and Blackberry. Buy now and snack with the world! #snacktime #allnatural #jam #tastebuds #freshfruit #homemade #delicious #salttw"
"Given the following input, classify the verb as transitive or intransitive.",improve,Transitive.,"Below is an instruction that describes a task, paired with an input that provides further context. Write a response that appropriately completes the request.

### Instruction:
Given the following input, classify the verb as transitive or intransitive.

### Input:
improve

### Response:
Transitive."
Generate a list of marketing strategies to promote a new mobile app.,,"- Implement paid campaigns on social media platforms.
- Utilize influencer marketing.
- Reach out to tech bloggers and websites.
- Share the app through word of mouth among friends.
- Create demo videos and tutorials to explain the app's features.
- Offer discounts and special incentives to early adopters.
- Build a basic website to explain the app's purpose and features. 
- Take advantage of app store optimization techniques.
- Send out emails and newsletters to inform new users about the app.
- Aim for awards and good reviews on the app store.
- Include the app link in your email signature.
- Try promotional press releases and campaigns.
- Encourage users to rate and review the app on the app store.
- Leverage user-generated content to your advantage. 
- Integrate the app with existing or popular apps.
- Hold giveaways or contests to drive engagement.
- Feature the app on your company's website and blog.
- Cross-promote the app with other apps, websites, and social media platforms. 
- Create promotional content such as blogs and podcasts.","Below is an instruction that describes a task. Write a response that appropriately completes the request.

### Instruction:
Generate a list of marketing strategies to promote a new mobile app.

### Response:
- Implement paid campaigns on social media platforms.
- Utilize influencer marketing.
- Reach out to tech bloggers and websites.
- Share the app through word of mouth among friends.
- Create demo videos and tutorials to explain the app's features.
- Offer discounts and special incentives to early adopters.
- Build a basic website to explain the app's purpose and features. 
- Take advantage of app store optimization techniques.
- Send out emails and newsletters to inform new users about the app.
- Aim for awards and good reviews on the app store.
- Include the app link in your email signature.
- Try promotional press releases and campaigns.
- Encourage users to rate and review the app on the app store.
- Leverage user-generated content to your advantage. 
- Integrate the app with existing or popular apps.
- Hold giveaways or contests to drive engagement.
- Feature the app on your company's website and blog.
- Cross-promote the app with other apps, websites, and social media platforms. 
- Create promotional content such as blogs and podcasts."
Rewrite the sentence to provide more clarity and flow.,Making the decision to rent a house was a wise choice,Renting a house was a wise decision to make.,"Below is an instruction that describes a task, paired with an input that provides further context. Write a response that appropriately completes the request.

### Instruction:
Rewrite the sentence to provide more clarity and flow.

### Input:
Making the decision to rent a house was a wise choice

### Response:
Renting a house was a wise decision to make."
Give a description of the following customer segment.,Online shoppers in the US aged between 18-25,"This customer segment consists of online shoppers in the US aged between 18-25. They are typically young adults who are tech-savvy and prefer to shop online for convenience and variety. They often shop for a variety of items, ranging from clothing to electronics and are comfortable using different payment methods such as credit or debit cards and digital wallets.","Below is an instruction that describes a task, paired with an input that provides further context. Write a response that appropriately completes the request.

### Instruction:
Give a description of the following customer segment.

### Input:
Online shoppers in the US aged between 18-25

### Response:
This customer segment consists of online shoppers in the US aged between 18-25. They are typically young adults who are tech-savvy and prefer to shop online for convenience and variety. They often shop for a variety of items, ranging from clothing to electronics and are comfortable using different payment methods such as credit or debit cards and digital wallets."
Design a logo for a mobile application.,,"The logo design should be simple, modern, and unique. It should capture the essence of the application and communicate its functions. The logo should feature bold colors that are eye-catching, and the design should be adaptable to various sizes and platforms, such as websites and mobile devices.","Below is an instruction that describes a task. Write a response that appropriately completes the request.

### Instruction:
Design a logo for a mobile application.

### Response:
The logo design should be simple, modern, and unique. It should capture the essence of the application and communicate its functions. The logo should feature bold colors that are eye-catching, and the design should be adaptable to various sizes and platforms, such as websites and mobile devices."
Generate a list of country names in the western hemisphere.,,"- Canada
- United States 
- Mexico 
- Brazil
- Argentina 
- Chile 
- Colombia 
- Venezuela 
- Cuba
- Jamaica 
- Ecuador
- Peru 
- Uruguay
- Paraguay 
- Costa Rica 
- Panama 
- Honduras 
- Nicaragua
- Guatemala","Below is an instruction that describes a task. Write a response that appropriately completes the request.

### Instruction:
Generate a list of country names in the western hemisphere.

### Response:
- Canada
- United States 
- Mexico 
- Brazil
- Argentina 
- Chile 
- Colombia 
- Venezuela 
- Cuba
- Jamaica 
- Ecuador
- Peru 
- Uruguay
- Paraguay 
- Costa Rica 
- Panama 
- Honduras 
- Nicaragua
- Guatemala"
Translate the following phrase into French.,I miss you,Je te manque.,"Below is an instruction that describes a task, paired with an input that provides further context. Write a response that appropriately completes the request.

### Instruction:
Translate the following phrase into French.

### Input:
I miss you

### Response:
Je te manque."
Explain what an API is.,,API stands for Application Programming Interface. It is a set of instructions or programming instructions that allow two applications to communicate and exchange data with each other. APIs provide a way for developers to access and manipulate data and services offered by other applications or platforms. They are an essential part of modern web development and allow developers to develop complex applications and websites using modular components.,"Below is an instruction that describes a task. Write a response that appropriately completes the request.

### Instruction:
Explain what an API is.

### Response:
API stands for Application Programming Interface. It is a set of instructions or programming instructions that allow two applications to communicate and exchange data with each other. APIs provide a way for developers to access and manipulate data and services offered by other applications or platforms. They are an essential part of modern web development and allow developers to develop complex applications and websites using modular components."
Compute the area of a rectangle with length 10cm and width 5cm.,,The area of the rectangle is 50 cm2.,"Below is an instruction that describes a task. Write a response that appropriately completes the request.

### Instruction:
Compute the area of a rectangle with length 10cm and width 5cm.

### Response:
The area of the rectangle is 50 cm2."
Find the capital of Spain.,,The capital of Spain is Madrid.,"Below is an instruction that describes a task. Write a response that appropriately completes the request.

### Instruction:
Find the capital of Spain.

### Response:
The capital of Spain is Madrid."
Classify the following statement as true or false.,The Supreme Court is the highest court in the US.,True.,"Below is an instruction that describes a task, paired with an input that provides further context. Write a response that appropriately completes the request.

### Instruction:
Classify the following statement as true or false.

### Input:
The Supreme Court is the highest court in the US.

### Response:
True."
Design a database to record employee salaries.,,"The database should contain fields for employee name, position, salary, and date. It should also include a field for the employee's manager, so that the salaries can be properly allocated across departments. The database should also be able to generate reports on salary expenses for departments or individuals.","Below is an instruction that describes a task. Write a response that appropriately completes the request.

### Instruction:
Design a database to record employee salaries.

### Response:
The database should contain fields for employee name, position, salary, and date. It should also include a field for the employee's manager, so that the salaries can be properly allocated across departments. The database should also be able to generate reports on salary expenses for departments or individuals."
